{"materials":[{"id":686,"path":"Resources/unity_builtin_extra\\Default-Material","assetBundleId":-2,"data":["Default-Material",0,66,2000,0,[["_Cutoff",0.5],["_Glossiness",0.5],["_GlossMapScale",1],["_SmoothnessTextureChannel",0],["_Metallic",0],["_SpecularHighlights",1],["_GlossyReflections",1],["_BumpScale",1],["_Parallax",0.0199999995529652],["_OcclusionStrength",1],["_DetailNormalMapScale",1],["_UVSec",0],["_Mode",0],["_SrcBlend",1],["_DstBlend",0],["_ZWrite",1]],[["_Color",1,1,1,1],["_EmissionColor",0,0,0,0.999999940395355]],[["_MainTex_ST",1,1,0,0],["_MetallicGlossMap_ST",1,1,0,0],["_BumpMap_ST",1,1,0,0],["_ParallaxMap_ST",1,1,0,0],["_OcclusionMap_ST",1,1,0,0],["_EmissionMap_ST",1,1,0,0],["_DetailMask_ST",1,1,0,0],["_DetailAlbedoMap_ST",1,1,0,0],["_DetailNormalMap_ST",1,1,0,0]],[["_MainTex",null,null],["_MetallicGlossMap",null,null],["_BumpMap",null,null],["_ParallaxMap",null,null],["_OcclusionMap",null,null],["_EmissionMap",null,null],["_DetailMask",null,null],["_DetailAlbedoMap",null,null],["_DetailNormalMap",null,null]],[["_EMISSION",1]]]},{"id":688,"path":"Resources/unity_builtin_extra\\Default-Skybox","assetBundleId":-2,"data":["Default-Skybox",0,152,1000,0,[["_SunDisk",1],["_SunSize",0.0399999991059303],["_SunSizeConvergence",5],["_AtmosphereThickness",1],["_Exposure",1.29999995231628]],[["_SkyTint",0.5,0.5,0.5,1],["_GroundColor",0.36899995803833,0.348999977111816,0.340999931097031,1]],[],[],[["_SUNDISK_SIMPLE",1]]]}],"shaders":[{"id":70,"assetBundleId":-2,"data":[[],"Legacy Shaders/VertexLit",null,["FOG_EXP","FOG_EXP2","FOG_LINEAR","POINT","SPOT","SHADOWS_DEPTH","STEREO_CUBEMAP_RENDER_ON","STEREO_INSTANCING_ON","STEREO_MULTIVIEW_ON","UNITY_SINGLE_PASS_STEREO","_","__","INSTANCING_ON","SHADOWS_CUBE"],[[0,0,"",1,"",0,[4,null],[1,null],[2,null],[[1,null],[0,null],[0,null]],[[1,null],[0,null],[0,null]],[15,null],[0,null],[0,null],[0,null],[255,null],[255,null],[[0,null],[0,null],[0,null],[8,null]],[[0,null],[0,null],[0,null],[8,null]],[[0,null],[0,null],[0,null],[8,null]],[["LIGHTMODE","Vertex"],["RenderType","Opaque"]],["FOG_EXP","FOG_EXP2","FOG_LINEAR","POINT","SPOT","STEREO_CUBEMAP_RENDER_ON","STEREO_INSTANCING_ON","STEREO_MULTIVIEW_ON","UNITY_SINGLE_PASS_STEREO","_"],[],[],[],0],[1,0,"",2,"",0,[4,null],[1,null],[2,null],[[1,null],[0,null],[0,null]],[[1,null],[0,null],[0,null]],[15,null],[0,null],[0,null],[0,null],[255,null],[255,null],[[0,null],[0,null],[0,null],[8,null]],[[0,null],[0,null],[0,null],[8,null]],[[0,null],[0,null],[0,null],[8,null]],[["LIGHTMODE","VertexLM"],["RenderType","Opaque"]],["FOG_EXP","FOG_EXP2","FOG_LINEAR","STEREO_CUBEMAP_RENDER_ON","STEREO_INSTANCING_ON","STEREO_MULTIVIEW_ON","UNITY_SINGLE_PASS_STEREO","__"],[],[],[],0],[2,0,"ShadowCaster",8,"",0,[4,null],[1,null],[2,null],[[1,null],[0,null],[0,null]],[[1,null],[0,null],[0,null]],[15,null],[0,null],[0,null],[0,null],[255,null],[255,null],[[0,null],[0,null],[0,null],[8,null]],[[0,null],[0,null],[0,null],[8,null]],[[0,null],[0,null],[0,null],[8,null]],[["LIGHTMODE","SHADOWCASTER"],["RenderType","Opaque"],["SHADOWSUPPORT","true"]],["INSTANCING_ON","SHADOWS_CUBE","SHADOWS_DEPTH","STEREO_CUBEMAP_RENDER_ON","STEREO_INSTANCING_ON","STEREO_MULTIVIEW_ON","UNITY_SINGLE_PASS_STEREO","__"],[],[],[],0]],[],[["_Color",0,1,1,1,1,"",0],["_SpecColor",0,1,1,1,1,"",0],["_Emission",0,0,0,0,0,"",0],["_Shininess",3,0.699999988079071,0.00999999977648258,1,0,"",0],["_MainTex",4,0,0,0,0,"white",0]],null,null,0,0,0]},{"id":28,"assetBundleId":-2,"data":[[],"UI/Default",null,["UNITY_UI_ALPHACLIP","UNITY_UI_CLIP_RECT","STEREO_CUBEMAP_RENDER_ON","STEREO_INSTANCING_ON","STEREO_MULTIVIEW_ON","UNITY_SINGLE_PASS_STEREO","_"],[[0,0,"Default",0,"",0,[0,"unity_GUIZTestMode"],[0,null],[0,null],[[1,null],[10,null],[0,null]],[[1,null],[10,null],[0,null]],[0,"_ColorMask"],[0,null],[0,null],[0,"_Stencil"],[0,"_StencilReadMask"],[0,"_StencilWriteMask"],[[0,"_StencilOp"],[0,null],[0,null],[0,"_StencilComp"]],[[0,null],[0,null],[0,null],[8,null]],[[0,null],[0,null],[0,null],[8,null]],[["CanUseSpriteAtlas","true"],["IGNOREPROJECTOR","true"],["PreviewType","Plane"],["QUEUE","Transparent"],["RenderType","Transparent"]],["STEREO_CUBEMAP_RENDER_ON","STEREO_INSTANCING_ON","STEREO_MULTIVIEW_ON","UNITY_SINGLE_PASS_STEREO","UNITY_UI_ALPHACLIP","UNITY_UI_CLIP_RECT","_"],[],[[0,0,[],4,5,0,0],[0,0,[],6,7,1,0]],[],0]],[],[["_MainTex",4,0,0,0,0,"white",2],["_Color",0,1,1,1,1,"",0],["_StencilComp",2,8,0,0,0,"",0],["_Stencil",2,0,0,0,0,"",0],["_StencilOp",2,0,0,0,0,"",0],["_StencilWriteMask",2,255,0,0,0,"",0],["_StencilReadMask",2,255,0,0,0,"",0],["_ColorMask",2,15,0,0,0,"",0],["_UseUIAlphaClip",2,0,0,0,0,"",0]],null,null,0,0,0]},{"id":46,"assetBundleId":-2,"data":[[],"Hidden/BlitCopy",null,["STEREO_CUBEMAP_RENDER_ON","STEREO_INSTANCING_ON","STEREO_MULTIVIEW_ON","UNITY_SINGLE_PASS_STEREO"],[[0,0,"",0,"",0,[8,null],[0,null],[0,null],[[1,null],[0,null],[0,null]],[[1,null],[0,null],[0,null]],[15,null],[0,null],[0,null],[0,null],[255,null],[255,null],[[0,null],[0,null],[0,null],[8,null]],[[0,null],[0,null],[0,null],[8,null]],[[0,null],[0,null],[0,null],[8,null]],[],["STEREO_CUBEMAP_RENDER_ON","STEREO_INSTANCING_ON","STEREO_MULTIVIEW_ON","UNITY_SINGLE_PASS_STEREO"],[],[],[],0]],[],[["_MainTex",4,0,0,0,0,"",0],["_Color",0,1,1,1,1,"",0]],null,null,0,0,0]},{"id":66,"assetBundleId":-2,"data":[[],"Standard",null,["DIRECTIONAL","DIRLIGHTMAP_COMBINED","FOG_EXP","FOG_EXP2","FOG_LINEAR","LIGHTMAP_ON","LIGHTPROBE_SH","SHADOWS_SCREEN","SHADOWS_SHADOWMASK","VERTEXLIGHT_ON","_ALPHABLEND_ON","_ALPHAPREMULTIPLY_ON","_ALPHATEST_ON","_EMISSION","_GLOSSYREFLECTIONS_OFF","_METALLICGLOSSMAP","_NORMALMAP","_PARALLAXMAP","_SMOOTHNESS_TEXTURE_ALBEDO_CHANNEL_A","_SPECULARHIGHLIGHTS_OFF","DIRECTIONAL_COOKIE","POINT","POINT_COOKIE","SHADOWS_DEPTH","SPOT","DYNAMICLIGHTMAP_ON","INSTANCING_ON","LIGHTMAP_SHADOW_MIXING","STEREO_CUBEMAP_RENDER_ON","STEREO_INSTANCING_ON","STEREO_MULTIVIEW_ON","UNITY_SINGLE_PASS_STEREO","_DETAIL_MULX2","__","_","SHADOWS_CUBE","SHADOWS_SOFT"],[[0,0,"FORWARD",4,"",0,[4,null],[0,"_ZWrite"],[2,null],[[0,"_SrcBlend"],[0,"_DstBlend"],[0,null]],[[0,"_SrcBlend"],[0,"_DstBlend"],[0,null]],[15,null],[0,null],[0,null],[0,null],[255,null],[255,null],[[0,null],[0,null],[0,null],[8,null]],[[0,null],[0,null],[0,null],[8,null]],[[0,null],[0,null],[0,null],[8,null]],[["LIGHTMODE","FORWARDBASE"],["PerformanceChecks","False"],["RenderType","Opaque"],["SHADOWSUPPORT","true"]],["DIRECTIONAL","DIRLIGHTMAP_COMBINED","DYNAMICLIGHTMAP_ON","FOG_EXP","FOG_EXP2","FOG_LINEAR","INSTANCING_ON","LIGHTMAP_ON","LIGHTMAP_SHADOW_MIXING","LIGHTPROBE_SH","SHADOWS_SCREEN","SHADOWS_SHADOWMASK","STEREO_CUBEMAP_RENDER_ON","STEREO_INSTANCING_ON","STEREO_MULTIVIEW_ON","UNITY_SINGLE_PASS_STEREO","VERTEXLIGHT_ON","_ALPHABLEND_ON","_ALPHAPREMULTIPLY_ON","_ALPHATEST_ON","_DETAIL_MULX2","_EMISSION","_GLOSSYREFLECTIONS_OFF","_METALLICGLOSSMAP","_NORMALMAP","_PARALLAXMAP","_SMOOTHNESS_TEXTURE_ALBEDO_CHANNEL_A","_SPECULARHIGHLIGHTS_OFF","__","_"],[],[[0,0,["DIRECTIONAL","LIGHTPROBE_SH","_METALLICGLOSSMAP"],8,9,0,0],[0,0,["DIRECTIONAL","LIGHTPROBE_SH","_METALLICGLOSSMAP"],10,11,1,0],[0,0,["DIRECTIONAL","LIGHTPROBE_SH"],8,12,0,0],[0,0,["DIRECTIONAL","LIGHTPROBE_SH"],10,13,1,0],[0,0,["DIRECTIONAL","LIGHTPROBE_SH","_EMISSION"],8,14,0,0],[0,0,["DIRECTIONAL","LIGHTPROBE_SH","_EMISSION"],10,15,1,0]],[],0],[1,0,"FORWARD_DELTA",5,"",0,[4,null],[0,null],[2,null],[[0,"_SrcBlend"],[1,null],[0,null]],[[0,"_SrcBlend"],[1,null],[0,null]],[15,null],[0,null],[0,null],[0,null],[255,null],[255,null],[[0,null],[0,null],[0,null],[8,null]],[[0,null],[0,null],[0,null],[8,null]],[[0,null],[0,null],[0,null],[8,null]],[["LIGHTMODE","FORWARDADD"],["PerformanceChecks","False"],["RenderType","Opaque"],["SHADOWSUPPORT","true"]],["DIRECTIONAL","DIRECTIONAL_COOKIE","FOG_EXP","FOG_EXP2","FOG_LINEAR","LIGHTMAP_SHADOW_MIXING","POINT","POINT_COOKIE","SHADOWS_CUBE","SHADOWS_DEPTH","SHADOWS_SCREEN","SHADOWS_SHADOWMASK","SHADOWS_SOFT","SPOT","STEREO_CUBEMAP_RENDER_ON","STEREO_INSTANCING_ON","STEREO_MULTIVIEW_ON","UNITY_SINGLE_PASS_STEREO","_ALPHABLEND_ON","_ALPHAPREMULTIPLY_ON","_ALPHATEST_ON","_DETAIL_MULX2","_METALLICGLOSSMAP","_NORMALMAP","_PARALLAXMAP","_SMOOTHNESS_TEXTURE_ALBEDO_CHANNEL_A","_SPECULARHIGHLIGHTS_OFF","__","_"],[],[],[],0],[2,0,"ShadowCaster",8,"",0,[4,null],[1,null],[2,null],[[1,null],[0,null],[0,null]],[[1,null],[0,null],[0,null]],[15,null],[0,null],[0,null],[0,null],[255,null],[255,null],[[0,null],[0,null],[0,null],[8,null]],[[0,null],[0,null],[0,null],[8,null]],[[0,null],[0,null],[0,null],[8,null]],[["LIGHTMODE","SHADOWCASTER"],["PerformanceChecks","False"],["RenderType","Opaque"],["SHADOWSUPPORT","true"]],["INSTANCING_ON","SHADOWS_CUBE","SHADOWS_DEPTH","STEREO_CUBEMAP_RENDER_ON","STEREO_INSTANCING_ON","STEREO_MULTIVIEW_ON","UNITY_SINGLE_PASS_STEREO","_ALPHABLEND_ON","_ALPHAPREMULTIPLY_ON","_ALPHATEST_ON","_METALLICGLOSSMAP","_PARALLAXMAP","_SMOOTHNESS_TEXTURE_ALBEDO_CHANNEL_A","__","_"],[],[],[],0]],[],[["_Color",0,1,1,1,1,"",0],["_MainTex",4,0,0,0,0,"white",0],["_Cutoff",3,0.5,0,1,0,"",0],["_Glossiness",3,0.5,0,1,0,"",0],["_GlossMapScale",3,1,0,1,0,"",0],["_SmoothnessTextureChannel",2,0,0,0,0,"",0],["_Metallic",3,0,0,1,0,"",32],["_MetallicGlossMap",4,0,0,0,0,"white",0],["_SpecularHighlights",2,1,0,0,0,"",0],["_GlossyReflections",2,1,0,0,0,"",0],["_BumpScale",2,1,0,0,0,"",0],["_BumpMap",4,0,0,0,0,"bump",8],["_Parallax",3,0.0199999995529652,0.00499999988824129,0.0799999982118607,0,"",0],["_ParallaxMap",4,0,0,0,0,"black",0],["_OcclusionStrength",3,1,0,1,0,"",0],["_OcclusionMap",4,0,0,0,0,"white",0],["_EmissionColor",0,0,0,0,1,"",0],["_EmissionMap",4,0,0,0,0,"white",0],["_DetailMask",4,0,0,0,0,"white",0],["_DetailAlbedoMap",4,0,0,0,0,"grey",0],["_DetailNormalMapScale",2,1,0,0,0,"",0],["_DetailNormalMap",4,0,0,0,0,"bump",8],["_UVSec",2,0,0,0,0,"",0],["_Mode",2,0,0,0,0,"",1],["_SrcBlend",2,1,0,0,0,"",1],["_DstBlend",2,0,0,0,0,"",1],["_ZWrite",2,1,0,0,0,"",1]],0,70,0,0,0]},{"id":152,"assetBundleId":-2,"data":[[],"Skybox/Procedural",null,["_SUNDISK_HIGH_QUALITY","_SUNDISK_NONE","_SUNDISK_SIMPLE","STEREO_CUBEMAP_RENDER_ON","STEREO_INSTANCING_ON","STEREO_MULTIVIEW_ON","UNITY_SINGLE_PASS_STEREO"],[[0,0,"",0,"",0,[4,null],[0,null],[0,null],[[1,null],[0,null],[0,null]],[[1,null],[0,null],[0,null]],[15,null],[0,null],[0,null],[0,null],[255,null],[255,null],[[0,null],[0,null],[0,null],[8,null]],[[0,null],[0,null],[0,null],[8,null]],[[0,null],[0,null],[0,null],[8,null]],[["PreviewType","Skybox"],["QUEUE","Background"],["RenderType","Background"]],["STEREO_CUBEMAP_RENDER_ON","STEREO_INSTANCING_ON","STEREO_MULTIVIEW_ON","UNITY_SINGLE_PASS_STEREO","_SUNDISK_HIGH_QUALITY","_SUNDISK_NONE","_SUNDISK_SIMPLE"],[],[[0,0,["_SUNDISK_SIMPLE"],16,17,0,0],[0,0,["_SUNDISK_SIMPLE"],18,19,1,0]],[],0]],[],[["_SunDisk",2,2,0,0,0,"",0],["_SunSize",3,0.0399999991059303,0,1,0,"",0],["_SunSizeConvergence",3,5,1,10,0,"",0],["_AtmosphereThickness",3,1,0,5,0,"",0],["_SkyTint",0,0.5,0.5,0.5,1,"",0],["_GroundColor",0,0.368999987840652,0.349000006914139,0.340999990701675,1,"",0],["_Exposure",3,1.29999995231628,0,8,0,"",0]],null,null,0,0,0]}],"cubemaps":[{"id":51898,"type":2,"path":"Assets/Scenes/SampleScene.unity/PrefilteredEnvironment.exr","assetBundleId":-2,"data":["",-620488,8,1,128,0,2,[0,0,0.25,0.5,0,0.5,0.25,1,0.25,0,0.5,0.5,0.25,0.5,0.5,1,0.5,0,0.75,0.5,0.75,0,1,0.5,0.5,0.5,0.625,0.75,0.5,0.75,0.625,1,0.625,0.5,0.75,0.75,0.625,0.75,0.75,1,0.75,0.5,0.875,0.75,0.875,0.5,1,0.75,0.75,0.75,0.8125,0.875,0.75,0.875,0.8125,1,0.8125,0.75,0.875,0.875,0.8125,0.875,0.875,1,0.875,0.75,0.9375,0.875,0.9375,0.75,1,0.875,0.875,0.875,0.90625,0.9375,0.875,0.9375,0.90625,1,0.90625,0.875,0.9375,0.9375,0.90625,0.9375,0.9375,1,0.9375,0.875,0.96875,0.9375,0.96875,0.875,1,0.9375,0.9375,0.9375,0.953125,0.96875,0.9375,0.96875,0.953125,1,0.953125,0.9375,0.96875,0.96875,0.953125,0.96875,0.96875,1,0.96875,0.9375,0.984375,0.96875,0.984375,0.9375,1,0.96875,0.96875,0.96875,0.9765625,0.984375,0.96875,0.984375,0.9765625,1,0.9765625,0.96875,0.984375,0.984375,0.9765625,0.984375,0.984375,1,0.984375,0.96875,0.9921875,0.984375,0.9921875,0.96875,1,0.984375,0.984375,0.984375,0.98828125,0.9921875,0.984375,0.9921875,0.98828125,1,0.98828125,0.984375,0.9921875,0.9921875,0.98828125,0.9921875,0.9921875,1,0.9921875,0.984375,0.99609375,0.9921875,0.99609375,0.984375,1,0.9921875,0.9921875,0.9921875,0.994140625,0.99609375,0.9921875,0.99609375,0.994140625,1,0.994140625,0.9921875,0.99609375,0.99609375,0.994140625,0.99609375,0.99609375,1,0.99609375,0.9921875,0.998046875,0.99609375,0.998046875,0.9921875,1,0.99609375],1,1]}],"resources":[{"id":0,"assetBundleId":-2,"data":[[["ui/warningsign_red",1,148730],["ui/warningsign_red",20,148732],["texrures/log-raw-and-pleed",4,50818],["unity_builtin_extra",0,66],["texrures/log-01-raw",1,51450],["texrures/log-raw-and-pleed",6,50816],["fbx/derevo/derevo",4,50956],["fbx/derevo/tex/дерево тёмное зеленое_diffuse",1,51520],["fbx/derevo/дерево тёмное зеленое",6,23482],["fbx/knopka",31,50870],["fbx/knopka",4,51000],["fbx/knopka",6,50996],["fbx/knopka",4,50994],["fbx/knopka",6,50998],["fonts & materials/liberationsans sdf",1,23568],["fonts & materials/liberationsans sdf",6,23566],["fonts & materials/liberationsans sdf - fallback",1,23492],["fonts & materials/liberationsans sdf - fallback",6,23490],["fonts & materials/liberationsans sdf - fallback",35,23488],["fonts & materials/liberationsans sdf",35,23564],["fbx/forklift/forklift",31,50824],["fbx/forklift/forklift",4,51414],["fbx/forklift/tex/forklift_tex",1,51738],["fbx/forklift/forklift",6,23574],["fbx/forklift/forklift",4,51400],["fbx/forklift/forklift",4,51410],["fbx/forklift/forklift",4,51408],["fbx/forklift/forklift",4,51416],["fbx/forklift/forklift",4,51404],["fbx/forklift/forklift",4,51406],["fbx/forklift/forklift",4,51402],["fbx/forklift/forklift",4,51412],["fbx/forklift/forklift",4,51344],["texrures/log-raw-and-pleed",31,50830],["fbx/truck/truck",31,50850],["fbx/truck/truck",4,51164],["fbx/truck/tex/truck_tex",1,51578],["fbx/truck/truck",6,51154],["fbx/truck/truck",4,51152],["fbx/truck/truck",4,51150],["fbx/truck/truck",4,51158],["fbx/truck/truck",4,51156],["fbx/truck/truck",4,51162],["fbx/truck/truck",4,51160],["ui/bubble",1,106484],["ui/bubble",20,106488],["ui/big_log",1,106486],["ui/big_log",20,106490],["models/asset_lumber_28",31,50844],["models/asset_lumber_28",4,51320],["models/material/2drying_room_tex",1,51440],["models/material/material #840",6,23548],["models/material/material #798",6,23552],["fbx/domik_2",6,50918],["male-chopper/male-chopper",31,50858],["male-chopper/male-chopper",1,51484],["male-chopper/chopper",6,23494],["male-chopper/male-chopper",4,51034],["models/asset_lumber_29",31,50912],["models/asset_lumber_29",4,51170],["models/material/2drying_room_tex - copy",1,51488],["models/material/material #840 - copy",6,23476],["models/material/2atlas_build - copy",1,51536],["models/material/material #798 - copy",6,23530],["models/material/3drying_room_tex",1,51446],["models/material/material #1644570",6,23522],["models/asset_lumber_41",31,50820],["models/asset_lumber_41",4,51314],["models/material/2atlas_build",1,51734],["models/material/material #840 - copy - copy",6,23486],["models/material/material #798 - copy - copy",6,23558],["ui/money",1,50946],["ui/money",20,50920],["ui/character_1000_compressed",1,50940],["ui/character_1000_compressed",20,50876],["ui/packshot_cta",1,50944],["ui/packshot_cta",20,50904],["ui/packshot_logo",1,50924],["ui/packshot_logo",20,50840],["ui/packshot_background_2",1,50926],["ui/packshot_background_2",20,50854],["ui/hand",1,50938],["ui/hand",20,50866],["fbx/location/location_1",31,50890],["fbx/location/location_1",4,51304],["fbx/location_1.fbm/колонна 001_diffuse",1,51456],["fbx/location/location_1",6,51284],["unity_builtin_extra",6,686],["fbx/location/location_1",4,51280],["fbx/location/location_1",4,51290],["fbx/location/location_1",4,51288],["fbx/location/location_1",4,51274],["fbx/location/location_1",4,51286],["fbx/location/location_1",4,51302],["fbx/location/location_1",6,51278],["fbx/location/location_1",4,51296],["fbx/location/location_1",6,51282],["fbx/location/location_1",4,51292],["fbx/location/location_1",4,51306],["fbx/location/location_1",4,51308],["fbx/location/location_1",4,51294],["fbx/location/location_1",4,51276],["fbx/location/location_1",4,51298],["fbx/location/location_1",6,51300],["fbx/location/location_1",4,51310],["unity_builtin_extra",0,152],["unity_builtin_extra",6,688],["unity_builtin_extra",0,28],["dotweensettings",56,23540],["sprite assets/emojione",6,51750],["sprite assets/emojione",58,23480],["style sheets/default style sheet",59,23572],["linebreaking leading characters",60,51436],["linebreaking following characters",60,51438],["tmp settings",57,23534]],[50810,50812,50952,50812,50954,50812,1805972,1800518,1798336,1800518,1802770,1800518,1805228,1800518,1792998,1800518,1791094,1800518,1805196,1800518,1810718,1800518,1789992,1800518,1789126,1800518,1799330,1800518,1808368,1800518,1810758,1800518,1809972,1800518,1797200,1800518,1809480,1800518,1798552,1800518,1808810,1800518,1806374,1800518,1806324,1800518,1808790,1800518,1793392,1800518,1800458,1800518,1790316,1800518,1792268,1800518,1796656,1800518,1810076,1800518,1798052,1800518,1810024,1800518,1813990,1800518,1806734,1800518,1790900,1800518,1812112,1800518,1805476,1800518,1794856,1800518,1789914,1800518,1813864,1800518,1810808,1800518,1805498,1800518,1806864,1800518,1801226,1800518,1789850,1800518,1799030,1800518,1812076,1800518,1789134,1800518,1791250,1800518,1790124,1800518,1796934,1800518,1788556,1800518,1802242,1800518,1807418,1800518,1808806,1800518,1800390,1800518,1808250,1800518,1792920,1800518,1814302,1800518,1808254,1800518,1805310,1800518,1802938,1800518,1801646,1800518,1794202,1800518,1805322,1800518,1787370,1800518,1792472,1800518,1811490,1800518,1794904,1800518,1800398,1800518,1790856,1800518,1796408,1800518,1806674,1800518,1792766,1800518,1798556,1800518,1797872,1800518,1809484,1800518,1797084,1800518,1812270,1800518,1788500,1800518,1792770,1800518,1797700,1800518,1798904,1800518,1788988,1800518,1800242,1800518,1795228,1800518,1791406,1800518,1803648,1800518,1800058,1800518,1801172,1800518,1813382,1800518,1802114,1800518,1805088,1800518,1804336,1800518,1808464,1800518,1813272,1800518,1788120,1800518,1811194,1800518,1812304,1800518,1810002,1800518,1804366,1800518,1794570,1800518,1807300,1800518,1791552,1800518,1811234,1800518,1814140,1800518,1810312,1800518,1788718,1800518,1803912,1800518,1806952,1800518,1789572,1800518,1810594,1800518,1790618,1800518,1798044,1800518,1803570,1800518,1810020,1800518,1814434,1800518,1808084,1800518,1798658,1800518,1804726,1800518,1794752,1800518,1811498,1800518,1802342,1800518,1794780,1800518,1794460,1800518,1793714,1800518,1803696,1800518,1787480,1800518,1802206,1800518,1788344,1800518,1787810,1800518,1791740,1800518,1799026,1800518,1811606,1800518,1808160,1800518,1813672,1800518,1810888,1800518,1796648,1800518,1810994,1800518,1805298,1800518,1811320,1800518,1793066,1800518,1811554,1800518,1795660,1800518,1794002,1800518,1790516,1800518,1802590,1800518,1796570,1800518,1809870,1800518,1793722,1800518,1790646,1800518,1793998,1800518,1812828,1800518,1809384,1800518,1803506,1800518,1796424,1800518,1797986,1800518,1787476,1800518,1802496,1800518,1810320,1800518,1813708,1800518,1806294,1800518,1804340,1800518,1801942,1800518,1811126,1800518,1796582,1800518,1788262,1800518,1791032,1800518,1791758,1800518,1802492,1800518,1812940,1800518,1809354,1800518,1810722,1800518,1796300,1800518,1808798,1800518,1805340,1800518,1789622,1800518,1801828,1800518,1806096,1800518,1809622,1800518,1789974,1800518,1787168,1800518,1794390,1800518,1806666,1800518,1807970,1800518,1791036,1800518,1788444,1800518,1796338,1800518,1793608,1800518,1811058,1800518,1792220,1800518,1795890,1800518,1808060,1800518,1799366,1800518,1788636,1800518,1810830,1800518,1793696,1800518,1788792,1800518,1792146,1800518,1793150,1800518,1802058,1800518,1807056,1800518,1813788,1800518,1812522,1800518,1800260,1800518,1788722,1800518,1810106,1800518,1802102,1800518,1791872,1800518,1800500,1800518,1807382,1800518,1796480,1800518,1812396,1800518,1806198,1800518,1802476,1800518,1790670,1800518,1808980,1800518,1812736,1800518,1810396,1800518,1802774,1800518,1791724,1800518,1787242,1800518,1793512,1800518,1805996,1800518,1789410,1800518,1799732,1800518,1813506,1800518,1801418,1800518,1790860,1800518,1788102,1800518,1800256,1800518,1802028,1800518,1793062,1800518,1788776,1800518,1810284,1800518,1795490,1800518,1810272,1800518,1790726,1800518,1800272,1800518,1799752,1800518,1802766,1800518,1811930,1800518,1810298,1800518,1809158,1800518,1797158,1800518,1802684,1800518,1790404,1800518,1807366,1800518,1807902,1800518,1805964,1800518,1810526,1800518,1806860,1800518,1807304,1800518,1790168,1800518,1808930,1800518,1793866,1800518,1803582,1800518,1790120,1800518,1806090,1800518,1809794,1800518,1788822,1800518,1802778,1800518,1796428,1800518,1809136,1800518,1800268,1800518,1788052,1800518,1810518,1800518,1794386,1800518,1812718,1800518,1797556,1800518,1807074,1800518,1809798,1800518,1803880,1800518,1792916,1800518,1801218,1800518,1798640,1800518,1813936,1800518,1787230,1800518,1789312,1800518,1807848,1800518,1801746,1800518,1787204,1800518,1801432,1800518,1812250,1800518,1792318,1800518,1810324,1800518,1805516,1800518,1787656,1800518,1805830,1800518,1788964,1800518,1805692,1800518,1805822,1800518,1798454,1800518,1795946,1800518,1800312,1800518,1798886,1800518,1798626,1800518,1798676,1800518,1800054,1800518,1809676,1800518,1805948,1800518,1788796,1800518,1804086,1800518,1800656,1800518,1802072,1800518,1810220,1800518,1802888,1800518,1794114,1800518,1793320,1800518,1795078,1800518,1802666,1800518,1808660,1800518,1809856,1800518,1807152,1800518,1802568,1800518,1796624,1800518,1801190,1800518,1814262,1800518,1812832,1800518,1798810,1800518,1797186,1800518,1809154,1800518,1790802,1800518,1805636,1800518,1806528,1800518,1813588,1800518,1805826,1800518,1788768,1800518,1812050,1800518,1801896,1800518,1797350,1800518,1787744,1800518,1809252,1800518,1807670,1800518,1802220,1800518,1807572,1800518,1796098,1800518,1803278,1800518,1802392,1800518,1793024,1800518,1807506,1800518,1794276,1800518,1796146,1800518,1789380,1800518,1787782,1800518,1813764,1800518,1789910,1800518,1804004,1800518,1806626,1800518,1808098,1800518,1807558,1800518,1812782,1800518,1812820,1800518,1803764,1800518,1808218,1800518,1799388,1800518,1809060,1800518,1803978,1800518,1795376,1800518,1813024,1800518,1789882,1800518,1792336,1800518,1812434,1800518,1814294,1800518,1807958,1800518,1788128,1800518,1809754,1800518,1807026,1800518,1813062,1800518,1813340,1800518,1809558,1800518,1795850,1800518,1792658,1800518,1803422,1800518,1798882,1800518,1791732,1800518,1810226,1800518,1800988,1800518,1793794,1800518,1802374,1800518,1810098,1800518,1796792,1800518,1802202,1800518,1804740,1800518,1808824,1800518,1789108,1800518,1797424,1800518,1796018,1800518,1793188,1800518,1809456,1800518,1794294,1800518,1799926,1800518,1792538,1800518,1797608,1800518,1813070,1800518,1792366,1800518,1807410,1800518,1795740,1800518,1791108,1800518,1800238,1800518,1788818,1800518,1787522,1800518,1804134,1800518,1809104,1800518,1796768,1800518,1803144,1800518,1794118,1800518,1807698,1800518,1792792,1800518,1788588,1800518,1797564,1800518,1813328,1800518,1812072,1800518,1789906,1800518,1802398,1800518,1797674,1800518,1811546,1800518,1796130,1800518,1802132,1800518,1800162,1800518,1805754,1800518,1790196,1800518,1799470,1800518,1791766,1800518,1799632,1800518,1793092,1800518,1788814,1800518,1808802,1800518,1801316,1800518,1804206,1800518,1806610,1800518,1812418,1800518,1809096,1800518,1788322,1800518,1787222,1800518,1789224,1800518,1795224,1800518,1805640,1800518,1811826,1800518,1793074,1800518,1803656,1800518,1794708,1800518,1799220,1800518,1799824,1800518,1792626,1800518,1812804,1800518,1792500,1800518,1813528,1800518,1805192,1800518,1799160,1800518,1805706,1800518,1794034,1800518,1805934,1800518,1799094,1800518,1808068,1800518,1794368,1800518,1807080,1800518,1810514,1800518,1790222,1800518,1791376,1800518,1807924,1800518,1811376,1800518,1806000,1800518,1793158,1800518,1807866,1800518,1811550,1800518,1792186,1800518,1811084,1800518,1807906,1800518,1788514,1800518,1806904,1800518,1788868,1800518,1805250,1800518,1812026,1800518,1796122,1800518,1813796,1800518,1789558,1800518,1791450,1800518,1812710,1800518,1802076,1800518,1788266,1800518,1793780,1800518,1793878,1800518,1793644,1800518,1813290,1800518,1811328,1800518,1806652,1800518,1802550,1800518,1810466,1800518,1809736,1800518,1800088,1800518,1807510,1800518,1808682,1800518,1803710,1800518,1790254,1800518,1798256,1800518,1788090,1800518,1798180,1800518,1797864,1800518,1799678,1800518,1810160,1800518,1806766,1800518,1799502,1800518,1791700,1800518,1797020,1800518,1800608,1800518,1807160,1800518,1806212,1800518,1809366,1800518,1813488,1800518,1813336,1800518,1811080,1800518,1792970,1800518,1804152,1800518,1792150,1800518,1800454,1800518,1788384,1800518,1813868,1800518,1806988,1800518,1789232,1800518,1793946,1800518,1789586,1800518,1797042,1800518,1787190,1800518,1788314,1800518,1808124,1800518,1812022,1800518,1794672,1800518,1802048,1800518,1814132,1800518,1813580,1800518,1809594,1800518,1800528,1800518,1799206,1800518,1809476,1800518,1813576,1800518,1811394,1800518,1788028,1800518,1809468,1800518,1795864,1800518,1793494,1800518,1806352,1800518,1804954,1800518,1806546,1800518,1810920,1800518,1810142,1800518,1813856,1800518,1809696,1800518,1804496,1800518,1789458,1800518,1795704,1800518,1796266,1800518,1796678,1800518,1805622,1800518,1811220,1800518,1791684,1800518,1812732,1800518,1787706,1800518,1789780,1800518,1801552,1800518,1796538,1800518,1804374,1800518,1813630,1800518,1791560,1800518,1803778,1800518,1803402,1800518,1810424,1800518,1807164,1800518,1810234,1800518,1813268,1800518,1790236,1800518,1803406,1800518,1809852,1800518,1795142,1800518,1806120,1800518,1811758,1800518,1803458,1800518,1802450,1800518,1797180,1800518,1810848,1800518,1787400,1800518,1804400,1800518,1796960,1800518,1803498,1800518,1810852,1800518,1794016,1800518,1802098,1800518,1803410,1800518,1796986,1800518,1810506,1800518,1806976,1800518,1801632,1800518,1796978,1800518,1791428,1800518,1792370,1800518,1790964,1800518,1795054,1800518,1811036,1800518,1788388,1800518,1800004,1800518,1799072,1800518,1803494,1800518,1807114,1800518,1803084,1800518,1806132,1800518,1805564,1800518,1788012,1800518,1795826,1800518,1812778,1800518,1789188,1800518,1804624,1800518,1792762,1800518,1808984,1800518,1806320,1800518,1808966,1800518,1787844,1800518,1809412,1800518,1788686,1800518,1809648,1800518,1804000,1800518,1805472,1800518,1793572,1800518,1790778,1800518,1811170,1800518,1811880,1800518,1795394,1800518,1812808,1800518,1788476,1800518,1801352,1800518,1788664,1800518,1787948,1800518,1807580,1800518,1796998,1800518,1803256,1800518,1808156,1800518,1807362,1800518,1806160,1800518,1805408,1800518,1806124,1800518,1809976,1800518,1792214,1800518,1810572,1800518,1809162,1800518,1804090,1800518,1809672,1800518,1796360,1800518,1809562,1800518,1807356,1800518,1806758,1800518,1800000,1800518,1804470,1800518,1787518,1800518,1790454,1800518,1791372,1800518,1799384,1800518,1810338,1800518,1797288,1800518,1810876,1800518,1805480,1800518,1791486,1800518,1788750,1800518,1797214,1800518,1813246,1800518,1798318,1800518,1804910,1800518,1793630,1800518,1814234,1800518,1802694,1800518,1806086,1800518,1809576,1800518,1803022,1800518,1811242,1800518,1794154,1800518,1809132,1800518,1807052,1800518,1797616,1800518,1790038,1800518,1805538,1800518,1805442,1800518,1812944,1800518,1811312,1800518,1799552,1800518,1789768,1800518,1808128,1800518,1789058,1800518,1813332,1800518,1802488,1800518,1809362,1800518,1809732,1800518,1793006,1800518,1803330,1800518,1791424,1800518,1807932,1800518,1791112,1800518,1811412,1800518,1792740,1800518,1806984,1800518,1788596,1800518,1791454,1800518,1812456,1800518,1791162,1800518,1790996,1800518,1812518,1800518,1813644,1800518,1804396,1800518,1792322,1800518,1798850,1800518,1787576,1800518,1807002,1800518,1809906,1800518,1793400,1800518,1800648,1800518,1787238,1800518,1793850,1800518,1792704,1800518,1790116,1800518,1798806,1800518,1811944,1800518,1805336,1800518,1809714,1800518,1789526,1800518,1809700,1800518,1809728,1800518,1787426,1800518,1805684,1800518,1805242,1800518,1806062,1800518,1812764,1800518,1804250,1800518,1800394,1800518,1813196,1800518,1803206,1800518,1809816,1800518,1795770,1800518,1798198,1800518,1797028,1800518,1794804,1800518,1799710,1800518,1797372,1800518,1787986,1800518,1799086,1800518,1811062,1800518,1801128,1800518,1812878,1800518,1813374,1800518,1810726,1800518,1813536,1800518,1797696,1800518,1804594,1800518,1797486,1800518,1800960,1800518,1793870,1800518,1804294,1800518,1809198,1800518,1798238,1800518,1813818,1800518,1792508,1800518,1811324,1800518,1799132,1800518,1799740,1800518,1813286,1800518,1798410,1800518,1803626,1800518,1808724,1800518,1788746,1800518,1797274,1800518,1805420,1800518,1796716,1800518,1788956,1800518,1792300,1800518,1809776,1800518,1789664,1800518,1804478,1800518,1805134,1800518,1791040,1800518,1812996,1800518,1795758,1800518,1791604,1800518,1798068,1800518,1802110,1800518,1804790,1800518,1808776,1800518,1804210,1800518,1804974,1800518,1807386,1800518,1810102,1800518,1799446,1800518,1808042,1800518,1788772,1800518,1807156,1800518,1813740,1800518,1800062,1800518,1802884,1800518,1789298,1800518,1798928,1800518,1808424,1800518,1792736,1800518,1808340,1800518,1795600,1800518,1789854,1800518,1805386,1800518,1800820,1800518,1793718,1800518,1796874,1800518,1788048,1800518,1787608,1800518,1806712,1800518,1809920,1800518,1790408,1800518,1801120,1800518,1789760,1800518,1813264,1800518,1807870,1800518,1798654,1800518,1789156,1800518,1813690,1800518,1796262,1800518,1796334,1800518,1798108,1800518,1796990,1800518,1808024,1800518,1793404,1800518,1806186,1800518,1788810,1800518,1787346,1800518,1799714,1800518,1797668,1800518,1793692,1800518,1797542,1800518,1796956,1800518,1792758,1800518,1809140,1800518,1795882,1800518,1791908,1800518,1800600,1800518,1802572,1800518,1811494,1800518,1794690,1800518,1800516,1800518,1804744,1800518,1792934,1800518,1810448,1800518,1788020,1800518,1788952,1800518,1808222,1800518,1787246,1800518,1811726,1800518,1798612,1800518,1794808,1800518,1806302,1800518,1805460,1800518,1797024,1800518,1811076,1800518,1813058,1800518,1800946,1800518,1797756,1800518,1812812,1800518,1813178,1800518,1793236,1800518,1809082,1800518,1809230,1800518,1807858,1800518,1797314,1800518,1808514,1800518,1794552,1800518,1787338,1800518,1790848,1800518,1803746,1800518,1794908,1800518,1793954,1800518,1792496,1800518,1813030,1800518,1799248,1800518,1799942,1800518,1801160,1800518,1814346,1800518,1799846,1800518,1790566,1800518,1795508,1800518,1798072,1800518,1813228,1800518,1791520,1800518,1808510,1800518,1805412,1800518,1803970,1800518,1797678,1800518,1806504,1800518,1803178,1800518,1793456,1800518,1789394,1800518,1800264,1800518,1792026,1800518,1791080,1800518,1791680,1800518,1812816,1800518,1812514,1800518,1808838,1800518,1814168,1800518,1805590,1800518,1791176,1800518,1813524,1800518,1791774,1800518,1795682,1800518,1792340,1800518,1790882,1800518,1792378,1800518,1804512,1800518,1796150,1800518,1800644,1800518,1809416,1800518,1802698,1800518,1792296,1800518,1806046,1800518,1810892,1800518,1799202,1800518,1802716,1800518,1804768,1800518,1790946,1800518,1798060,1800518,1799556,1800518,1791224,1800518,1792952,1800518,1793858,1800518,1793548,1800518,1792672,1800518,1806168,1800518,1792592,1800518,1791638,1800518,1797354,1800518,1801534,1800518,1807118,1800518,1814180,1800518,1814376,1800518,1793328,1800518,1812330,1800518,1791432,1800518,1812632,1800518,1807132,1800518,1787832,1800518,1808896,1800518,1812548,1800518,1806416,1800518,1803292,1800518,1790764,1800518,1796880,1800518,1807514,1800518,1793184,1800518,1795012,1800518,1796982,1800518,1801414,1800518,1800130,1800518,1808274,1800518,1804218,1800518,1804554,1800518,1809464,1800518,1807962,1800518,1805594,1800518,1804404,1800518,1790024,1800518,1792432,1800518,1805688,1800518,1794630,1800518,1799128,1800518,1803092,1800518,1788700,1800518,1811468,1800518,1800374,1800518,1807656,1800518,1808120,1800518,1799560,1800518,1788486,1800518,1798950,1800518,1794360,1800518,1807520,1800518,1810510,1800518,1798726,1800518,1796394,1800518,1806190,1800518,1809340,1800518,1793950,1800518,1799806,1800518,1789062,1800518,1805572,1800518,1791198,1800518,1790674,1800518,1812354,1800518,1796800,1800518,1803414,1800518,1796660,1800518,1805868,1800518,1797154,1800518,1811798,1800518,1808246,1800518,1798064,1800518,1814026,1800518,1803622,1800518,1796926,1800518,1793002,1800518,1795342,1800518,1804646,1800518,1792158,1800518,1790830,1800518,1799334,1800518,1814100,1800518,1799986,1800518,1809838,1800518,1799090,1800518,1811780,1800518,1805608,1800518,1802892,1800518,1794308,1800518,1805800,1800518,1812244,1800518,1797760,1800518,1796224,1800518,1797742,1800518,1807414,1800518,1801760,1800518,1793312,1800518,1794612,1800518,1806524,1800518,1812824,1800518,1805096,1800518,1796258,1800518,1792504,1800518,1787454,1800518,1795246,1800518,1796134,1800518,1812004,1800518,1799908,1800518,1810880,1800518,1806618,1800518,1805952,1800518,1788244,1800518,1809824,1800518,1793932,1800518,1809902,1800518,1787136,1800518,1793828,1800518,1790268,1800518,1793746,1800518,1793324,1800518,1809894,1800518,1807910,1800518,1796796,1800518,1788420,1800518,1801288,1800518,1790978,1800518,1808492,1800518,1802290,1800518,1803904,1800518,1814186,1800518,1791666,1800518,1800586,1800518,1811304,1800518,1794404,1800518,1793192,1800518,1799174,1800518,1800536,1800518,1802040,1800518,1791232,1800518,1799880,1800518,1807878,1800518,1814176,1800518,1793656,1800518,1789482,1800518,1795366,1800518,1788934,1800518,1787580,1800518,1790992,1800518,1787740,1800518,1788574,1800518,1800134,1800518,1798838,1800518,1789294,1800518,1799392,1800518,1800504,1800518,1803652,1800518,1797318,1800518,1796484,1800518,1808554,1800518,1795186,1800518,1809322,1800518,1808020,1800518,1787342,1800518,1796904,1800518,1798450,1800518,1812358,1800518,1811372,1800518,1811772,1800518,1787890,1800518,1800652,1800518,1810028,1800518,1791798,1800518,1812936,1800518,1797404,1800518,1814350,1800518,1814306,1800518,1799628,1800518,1806146,1800518,1798900,1800518,1795992,1800518,1801492,1800518,1798086,1800518,1792454,1800518,1794912,1800518,1813876,1800518,1802754,1800518,1806638,1800518,1803260,1800518,1800798,1800518,1800784,1800518,1805302,1800518,1799564,1800518,1798574,1800518,1790562,1800518,1813792,1800518,1804828,1800518,1810420,1800518,1796008,1800518,1791184,1800518,1790554,1800518,1794346,1800518,1808028,1800518,1797790,1800518,1807936,1800518,1805804,1800518,1809656,1800518,1803618,1800518,1798374,1800518,1797252,1800518,1811250,1800518,1807422,1800518,1801654,1800518,1802032,1800518,1793408,1800518,1787894,1800518,1794826,1800518,1788668,1800518,1787968,1800518,1788406,1800518,1814230,1800518,1803228,1800518,1789406,1800518,1794704,1800518,1791334,1800518,1808396,1800518,1787260,1800518,1788876,1800518,1805772,1800518,1809430,1800518,1798802,1800518,1804198,1800518,1811502,1800518,1804474,1800518,1798048,1800518,1799498,1800518,1798538,1800518,1803018,1800518,1802036,1800518,1797452,1800518,1805576,1800518,1811166,1800518,1813314,1800518,1795182,1800518,1794556,1800518,1795678,1800518,1796346,1800518,1800234,1800518,1813356,1800518,1802106,1800518,1802318,1800518,1813940,1800518,1806128,1800518,1812502,1800518,1804180,1800518,1788098,1800518,1805424,1800518,1811476,1800518,1813224,1800518,1804290,1800518,1797238,1800518,1793480,1800518,1802124,1800518,1803992,1800518,1806250,1800518,1796964,1800518,1802720,1800518,1792206,1800518,1806588,1800518,1792754,1800518,1807030,1800518,1802256,1800518,1795928,1800518,1804408,1800518,1806910,1800518,1796908,1800518,1787960,1800518,1802910,1800518,1798560,1800518,1802576,1800518,1813164,1800518,1805560,1800518,1791922,1800518,1808720,1800518,1814014,1800518,1796930,1800518,1792154,1800518,1789336,1800518,1792828,1800518,1795134,1800518,1794994,1800518,1810462,1800518,1809780,1800518,1795270,1800518,1806164,1800518,1794058,1800518,1788592,1800518,1814460,1800518,1800512,1800518,1813438,1800518,1791158,1800518,1806378,1800518,1806890,1800518,1805188,1800518,1803864,1800518,1807436,1800518,1812322,1800518,1789152,1800518,1792040,1800518,1795674,1800518,1806434,1800518,1805502,1800518,1806914,1800518,1801650,1800518,1800126,1800518,1795016,1800518,1796938,1800518,1788682,1800518,1792142,1800518,1799322,1800518,1793146,1800518,1807136,1800518,1788836,1800518,1793104,1800518,1809680,1800518,1798946,1800518,1809268,1800518,1803660,1800518,1800382,1800518,1801878,1800518,1809108,1800518,1800770,1800518,1788368,1800518,1793530,1800518,1795512,1800518,1802054,1800518,1803692,1800518,1812400,1800518,1790436,1800518,1787710,1800518,1790886,1800518,1790020,1800518,1812008,1800518,1791202,1800518,1814164,1800518,1794852,1800518,1812540,1800518,1804194,1800518,1788604,1800518,1792858,1800518,1812874,1800518,1790200,1800518,1797270,1800518,1814324,1800518,1807618,1800518,1796094,1800518,1803888,1800518,1791268,1800518,1791436,1800518,1789604,1800518,1801262,1800518,1808652,1800518,1803198,1800518,1791490,1800518,1810470,1800518,1798672,1800518,1802480,1800518,1796364,1800518,1808446,1800518,1789084,1800518,1801348,1800518,1793684,1800518,1796808,1800518,1812232,1800518,1794364,1800518,1811454,1800518,1805758,1800518,1787840,1800518,1808102,1800518,1809358,1800518,1796596,1800518,1801706,1800518,1795766,1800518,1790218,1800518,1787814,1800518,1791728,1800518,1789960,1800518,1792732,1800518,1799670,1800518,1798466,1800518,1810762,1800518,1803434,1800518,1792874,1800518,1800816,1800518,1805438,1800518,1788186,1800518,1810858,1800518,1790844,1800518,1811698,1800518,1787632,1800518,1797570,1800518,1793050,1800518,1798202,1800518,1795390,1800518,1800632,1800518,1787164,1800518,1790214,1800518,1797176,1800518,1792774,1800518,1801436,1800518,1796942,1800518,1813860,1800518,1814266,1800518,1812240,1800518,1808578,1800518,1802154,1800518,1801668,1800518,1789026,1800518,1811630,1800518,1801284,1800518,1808546,1800518,1805306,1800518,1801990,1800518,1812702,1800518,1812506,1800518,1806592,1800518,1813676,1800518,1798354,1800518,1788660,1800518,1789138,1800518,1812510,1800518,1803454,1800518,1788236,1800518,1792608,1800518,1793924,1800518,1800084,1800518,1795974,1800518,1799930,1800518,1789030,1800518,1787172,1800518,1810576,1800518,1794280,1800518,1801356,1800518,1789718,1800518,1788784,1800518,1797638,1800518,1800496,1800518,1806542,1800518,1796542,1800518,1792374,1800518,1797150,1800518,1800066,1800518,1812650,1800518,1796210,1800518,1792630,1800518,1790128,1800518,1800604,1800518,1812526,1800518,1788472,1800518,1789402,1800518,1792832,1800518,1803996,1800518,1808550,1800518,1797016,1800518,1794958,1800518,1788380,1800518,1804272,1800518,1805026,1800518,1806872,1800518,1808716,1800518,1813414,1800518,1795486,1800518,1793874,1800518,1799586,1800518,1813584,1800518,1813242,1800518,1797954,1800518,1799338,1800518,1805054,1800518,1798874,1800518,1807576,1800518,1798690,1800518,1801618,1800518,1808116,1800518,1812714,1800518,1801266,1800518,1809100,1800518,1808288,1800518,1789076,1800518,1792718,1800518,1809176,1800518,1798814,1800518,1810804,1800518,1798846,1800518,1805524,1800518,1803418,1800518,1814238,1800518,1806956,1800518,1787218,1800518,1794198,1800518,1814310,1800518,1791844,1800518,1787818,1800518,1810912,1800518,1802410,1800518,1803578,1800518,1793154,1800518,1791556,1800518,1814342,1800518,1792086,1800518,1799876,1800518,1812116,1800518,1796600,1800518,1795004,1800518,1793652,1800518,1800850,1800518,1805456,1800518,1793626,1800518,1791744,1800518,1814354,1800518,1810934,1800518,1795164,1800518,1787952,1800518,1796342,1800518,1807440,1800518,1809326,1800518,1799960,1800518,1795792,1800518,1813944,1800518,1811562,1800518,1804412,1800518,1813564,1800518,1794716,1800518,1796090,1800518,1787226,1800518,1805464,1800518,1806298,1800518,1789764,1800518,1794724,1800518,1799590,1800518,1808428,1800518,1812978,1800518,1801052,1800518,1789200,1800518,1802170,1800518,1804964,1800518,1806762,1800518,1792542,1800518,1810700,1800518,1812258,1800518,1805968,1800518,1797266,1800518,1799582,1800518,1808496,1800518,1810884,1800518,1813192,1800518,1796692,1800518,1791512,1800518,1805520,1800518,1793710,1800518,1787412,1800518,1805318,1800518,1790622,1800518,1807378,1800518,1795830,1800518,1794834,1800518,1811238,1800518,1797604,1800518,1813390,1800518,1802402,1800518,1793070,1800518,1789776,1800518,1795886,1800518,1812326,1800518,1810016,1800518,1812974,1800518,1804848,1800518,1796186,1800518,1803742,1800518,1796812,1800518,1802994,1800518,1797782,1800518,1808194,1800518,1809980,1800518,1805344,1800518,1812266,1800518,1799736,1800518,1807544,1800518,1811440,1800518,1810094,1800518,1811316,1800518,1796026,1800518,1798722,1800518,1801530,1800518,1802906,1800518,1792676,1800518,1807322,1800518,1787316,1800518,1793552,1800518,1800198,1800518,1807110,1800518,1787848,1800518,1806928,1800518,1799370,1800518,1807974,1800518,1810970,1800518,1799616,1800518,1787234,1800518,1797560,1800518,1794332,1800518,1804236,1800518,1803344,1800518,1809460,1800518,1810900,1800518,1793332,1800518,1813568,1800518,1797376,1800518,1793544,1800518,1793590,1800518,1804456,1800518,1803428,1800518,1807940,1800518,1797428,1800518,1789732,1800518,1800430,1800518,1805808,1800518,1807564,1800518,1789564,1800518,1800378,1800518,1793100,1800518,1805246,1800518,1810356,1800518,1812362,1800518,1806194,1800518,1805416,1800518,1800590,1800518,1800924,1800518,1788112,1800518,1794122,1800518,1796454,1800518,1800050,1800518,1810360,1800518,1806730,1800518,1803026,1800518,1809064,1800518,1787786,1800518,1808344,1800518,1803480,1800518,1805468,1800518,1792534,1800518,1795942,1800518,1811040,1800518,1802852,1800518,1812800,1800518,1811916,1800518,1787186,1800518,1811108,1800518,1791524,1800518,1789646,1800518,1803224,1800518,1809916,1800518,1814212,1800518,1789530,1800518,1799674,1800518,1798142,1800518,1804550,1800518,1812460,1800518,1811802,1800518,1789608,1800518,1808638,1800518,1803476,1800518,1813872,1800518,1791028,1800518,1793374,1800518,1789600,1800518,1792908,1800518,1802942,1800518,1796652,1800518,1801842,1800518,1802758,1800518,1798340,1800518,1788124,1800518,1803252,1800518,1807750,1800518,1801614,1800518,1807458,1800518,1799938,1800518,1791228,1800518,1802044,1800518,1792354,1800518,1795008,1800518,1789812,1800518,1804202,1800518,1792138,1800518,1787944,1800518,1788780,1800518,1802786,1800518,1794860,1800518,1800766,1800518,1790558,1800518,1809820,1800518,1789772,1800518,1804062,1800518,1803472,1800518,1805864,1800518,1803316,1800518,1811822,1800518,1787956,1800518,1802782,1800518,1813572,1800518,1806614,1800518,1791220,1800518,1801168,1800518,1809042,1800518,1792564,1800518,1793516,1800518,1812654,1800518,1801152,1800518,1803202,1800518,1807568,1800518,1807694,1800518,1797116,1800518,1814048,1800518,1805556,1800518,1811530,1800518,1808610,1800518,1809248,1800518,1799326,1800518,1810766,1800518,1808794,1800518,1790932,1800518,1813712,1800518,1793508,1800518,1803502,1800518,1804572,1800518,1789290,1800518,1798114,1800518,1812154,1800518,1814204,1800518,1799850,1800518,1790750,1800518,1788854,1800518,1814208,1800518,1795328,1800518,1810368,1800518,1791180,1800518,1790450,1800518,1787872,1800518,1794516,1800518,1809444,1800518,1802828,1800518,1814118,1800518,1804254,1800518,1801538,1800518,1788016,1800518,1807614,1800518,1788920,1800518,1796922,1800518,1800826,1800518,1792124,1800518,1810072,1800518,1805710,1800518,1795146,1800518,1794478,1800518,1789714,1800518,1791968,1800518,1788552,1800518,1795614,1800518,1803574,1800518,1804680,1800518,1814018,1800518,1791368,1800518,1808214,1800518,1800942,1800518,1802224,1800518,1809652,1800518,1806442,1800518,1813260,1800518,1793316,1800518,1804982,1800518,1796076,1800518,1803816,1800518,1794784,1800518,1811390,1800518,1797868,1800518,1803030,1800518,1790806,1800518,1795596,1800518,1810908,1800518,1805126,1800518,1804370,1800518,1793142,1800518,1812846,1800518,1798056,1800518,1806370,1800518,1809912,1800518,1802652,1800518,1806438,1800518,1796450,1800518,1797612,1800518,1801864,1800518,1800688,1800518,1798854,1800518,1812262,1800518,1810904,1800518,1800640,1800518,1794168,1800518,1799682,1800518,1798104,1800518,1795000,1800518,1809772,1800518,1794486,1800518,1805796,1800518,1790182,1800518,1808962,1800518,1806066,1800518,1813066,1800518,1788024,1800518,1794272,1800518,1797500,1800518,1804666,1800518,1812796,1800518,1802712,1800518,1811148,1800518,1793854,1800518,1795544,1800518,1806560,1800518,1802118,1800518,1794720,1800518,1796578,1800518,1805114,1800518,1802140,1800518,1799748,1800518,1791020,1800518,1811198,1800518,1801882,1800518,1793622,1800518,1804492,1800518,1798224,1800518,1789756,1800518,1788042,1800518,1788850,1800518,1790928,1800518,1802432,1800518,1798764,1800518,1811736,1800518,1812760,1800518,1810492,1800518,1801410,1800518,1811996,1800518,1812474,1800518,1811246,1800518,1800544,1800518,1788710,1800518,1788326,1800518,1811308,1800518,1804804,1800518,1791330,1800518,1787752,1800518,1809472,1800518,1808400,1800518,1799280,1800518,1799718,1800518,1800992,1800518,1803440,1800518,1790366,1800518,1807632,1800518,1796178,1800518,1798216,1800518,1801156,1800518,1808656,1800518,1801056,1800518,1797832,1800518,1787930,1800518,1813114,1800518,1812158,1800518,1812488,1800518,1789170,1800518,1801860,1800518,1805092,1800518,1799224,1800518,1795416,1800518,1810780,1800518,1788872,1800518,1811526,1800518,1799696,1800518,1801084,1800518,1793586,1800518,1792806,1800518,1791992,1800518,1804886,1800518,1807374,1800518,1790154,1800518,1803688,1800518,1790468,1800518,1808302,1800518,1809448,1800518,1804882,1800518,1801280,1800518,1812688,1800518,1797346,1800518,1799842,1800518,1788678,1800518,1800712,1800518,1798988,1800518,1810754,1800518,1807862,1800518,1794544,1800518,1811784,1800518,1793042,1800518,1806622,1800518,1799276,1800518,1806688,1800518,1792654,1800518,1803802,1800518,1792304,1800518,1814030,1800518,1799922,1800518,1806172,1800518,1788622,1800518,1802198,1800518,1803556,1800518,1792440,1800518,1793054,1800518,1788116,1800518,1787386,1800518,1802762,1800518,1791900,1800518,1810938,1800518,1814314,1800518,1792578,1800518,1799894,1800518,1812080,1800518,1802136,1800518,1792036,1800518,1813972,1800518,1814066,1800518,1807754,1800518,1803820,1800518,1809758,1800518,1799872,1800518,1794608,1800518,1806490,1800518,1789692,1800518,1811754,1800518,1796764,1800518,1802648,1800518,1791736,1800518,1787320,1800518,1810618,1800518,1796574,1800518,1787836,1800518,1800230,1800518,1801910,1800518,1804214,1800518,1810230,1800518,1787660,1800518,1796628,1800518,1798332,1800518,1804044,1800518,1807928,1800518,1803738,1800518,1787408,1800518,1811948,1800518,1805494,1800518,1800112,1800518,1802406,1800518,1806462,1800518,1810998,1800518,1796286,1800518,1798534,1800518,1796556,1800518,1793378,1800518,1805390,1800518,1812204,1800518,1792546,1800518,1787748,1800518,1796050,1800518,1794474,1800518,1813810,1800518,1810352,1800518,1801994,1800518,1809618,1800518,1789398,1800518,1788372,1800518,1800202,1800518,1801846,1800518,1792956,1800518,1793046,1800518,1788376,1800518,1810896,1800518,1805358,1800518,1797538,1800518,1802500,1800518,1805122,1800518,1807370,1800518,1797420,1800518,1795138,1800518,1809234,1800518,1795526,1800518,1799864,1800518,1811152,1800518,1809750,1800518,1797664,1800518,1793688,1800518,1791024,1800518,1809944,1800518,1810488,1800518,1799756,1800518,1796142,1800518,1814022,1800518,1787886,1800518,1804638,1800518,1807732,1800518,1806058,1800518,1807034,1800518,1794830,1800518,1790682,1800518,1799792,1800518,1811416,1800518,1809272,1800518,1808882,1800518,1799594,1800518,1791762,1800518,1808542,1800518,1812190,1800518,1812922,1800518,1805568,1800518,1810138,1800518,1795242,1800518,1805130,1800518,1787160,1800518,1803860,1800518,1799428,1800518,1790334,1800518,1805274,1800518,1795736,1800518,1813378,1800518,1808064,1800518,1800412,1800518,1794150,1800518,1811208,1800518,1797162,1800518,1804590,1800518,1792530,1800518,1800636,1800518,1813832,1800518,1798220,1800518,1801682,1800518,1788674,1800518,1803884,1800518,1802346,1800518,1812572,1800518,1800138,1800518,1789996,1800518,1804968,1800518,1809180,1800518,1792234,1800518,1804558,1800518,1788004,1800518,1805314,1800518,1800532,1800518,1801124,1800518,1787430,1800518,1806868,1800518,1804642,1800518,1787404,1800518,1807250,1800518,1810522,1800518,1807308,1800518,1791090,1800518,1790852,1800518,1801450,1800518,1814136,1800518,1810120,1800518,1794418,1800518,1794712,1800518,1804176,1800518,1803872,1800518,1792526,1800518,1795914,1800518,1794738,1800518,1809862,1800518,1800012,1800518,1804576,1800518,1794676,1800518,1812452,1800518,1801924,1800518,1797814,1800518,1791140,1800518,1790412,1800518,1790320,1800518,1796994,1800518,1797534,1800518,1793846,1800518,1793058,1800518,1811398,1800518,1794756,1800518,1803274,1800518,1810156,1800518,1802128,1800518,1809998,1800518,1798878,1800518,1800984,1800518,1796126,1800518,1792436,1800518,1805750,1800518,1808006,1800518,1797112,1800518,1791826,1800518,1808442,1800518,1789130,1800518,1790874,1800518,1787688,1800518,1807852,1800518,1791770,1800518,1806018,1800518,1788960,1800518,1800508,1800518,1810316,1800518,1804536,1800518,1795788,1800518,1788318,1800518,1798252,1800518,1804734,1800518,1794136,1800518,1808268,1800518,1791954,1800518,1803868,1800518,1788240,1800518,1791482,1800518,1791316,1800518,1794616,1800518,1793078,1800518,1799136,1800518,1813220,1800518,1787724,1800518,1806520,1800518,1787422,1800518,1793648,1800518,1794916,1800518,1796804,1800518,1789568,1800518,1811130,1800518,1809202,1800518,1809898,1800518,1795762,1800518,1789706,1800518,1801928,1800518,1789228,1800518,1807102,1800518,1795472,1800518,1797860,1800518,1801116,1800518,1791904,1800518,1802866,1800518,1805896,1800518,1799424,1800518,1804318,1800518,1797432,1800518,1790878,1800518,1788340,1800518,1789710,1800518,1794086,1800518,1812404,1800518,1802094,1800518,1803630,1800518,1799934,1800518,1807106,1800518,1803220,1800518,1801312,1800518,1810826,1800518,1809518,1800518,1813386,1800518,1808582,1800518,1788618,1800518,1795274,1800518,1810730,1800518,1809380,1800518,1792912,1800518,1796826,1800518,1809078,1800518,1790904,1800518,1797724,1800518,1796750,1800518,1799964,1800518,1788172,1800518,1796138,1800518,1805118,1800518,1810364,1800518,1799484,1800518,1799272,1800518,1797066,1800518,1800386,1800518,1788600,1800518,1801222,1800518,1794548,1800518,1794980,1800518,1811952,1800518,1790362,1800518,1792814,1800518,1793298,1800518,1796850,1800518,1799516,1800518,1811054,1800518,1808468,1800518,1800462,1800518,1794100,1800518,1795718,1800518,1792210,1800518,1809590,1800518,1788008,1800518,1813904,1800518,1790512,1800518,1804786,1800518,1808046,1800518,1800524,1800518,1793274,1800518,1806980,1800518,1788392,1800518,1797828,1800518,1794082,1800518,1812000,1800518,1813532,1800518,1810406,1800518,1808902,1800518,1796632,1800518,1814034,1800518,1814298,1800518,1793096,1800518,1799968,1800518,1796004,1800518,1811112,1800518,1799022,1800518,1793928,1800518,1789942,1800518,1798388,1800518,1801108,1800518,1790960,1800518,1808336,1800518,1804978,1800518,1800346,1800518,1792700,1800518,1805292,1800518,1788714,1800518,1787964,1800518,1793640,1800518,1798842,1800518,1812054,1800518,1789080,1800518,1795196,1800518,1802880,1800518,1787702,1800518,1805552,1800518,1808926,1800518,1787982,1800518,1802436,1800518,1812706,1800518,1807966,1800518,1799578,1800518,1789978,1800518,1810392,1800518,1791516,1800518,1799972,1800518,1791830,1800518,1807802,1800518,1798270,1800518,1787908,1800518,1813986,1800518,1799420,1800518,1802174,1800518,1811694,1800518,1793260,1800518,1793862,1800518,1803088,1800518,1809056,1800518,1804028,1800518,1797070,1800518,1806630,1800518,1812544,1800518,1808382,1800518,1807232,1800518,1803974,1800518,1805210,1800518,1805956,1800518,1795784,1800518,1804268,1800518,1807978,1800518,1802484,1800518,1798284,1800518,1814372,1800518,1788788,1800518,1790678,1800518,1801722,1800518,1797692,1800518,1800540,1800518,1787472,1800518,1799396,1800518,1791126,1800518,1810558,1800518,1814190,1800518,1794500,1800518,1798366,1800518,1810590,1800518,1801332,1800518,1793396,1800518,1809866,1800518,1803876,1800518,1814172,1800518,1805960,1800518,1810188,1800518,1804378,1800518,1800812,1800518,1796022,1800518,1806456,1800518,1799744,1800518,1809452,1800518,1791618,1800518,1801240,1800518,1792810,1800518,1803908,1800518,1803856,1800518,1790580,1800518,1799442,1800518,50962,50870,50976,50870,50978,50870,50958,50870,50964,50870,50968,50870,50970,50870,50972,50870,50868,50870,-610252,1799518,50988,50870,50916,50870,-610254,1799518,-610262,1799518,-610248,1799518,-610266,1799518,50990,50870,50992,50870,-610270,1799518,-610274,1799518,-610278,1799518,1797650,1799518,-614394,1799518,-614396,1799518,-614404,1799518,-614390,1799518,-614408,1799518,-614412,1799518,-614416,1799518,-614420,1799518,1803436,1799518,-614588,1799518,-614590,1799518,-614598,1799518,-614584,1799518,-614602,1799518,-614606,1799518,-614610,1799518,-614614,1799518,1809488,1799518,50826,50824,51326,50824,51328,50824,51330,50824,51332,50824,51334,50824,51336,50824,51338,50824,51340,50824,51342,50824,1787374,1799518,51368,50824,51370,50824,51372,50824,51374,50824,51396,50824,51398,50824,51376,50824,51378,50824,51380,50824,51382,50824,51392,50824,51394,50824,51384,50824,51386,50824,51388,50824,51390,50824,51364,50824,51366,50824,50828,50830,51012,50830,51010,50830,50834,50836,51004,50836,51006,50836,51008,50836,-614180,1799518,-614188,1799518,-614196,1799518,-614204,1799518,-614212,1799518,-614220,1799518,-614228,1799518,-614236,1799518,-614244,1799518,1793526,1799518,1811750,1799518,1810484,1799518,1804148,1799518,1813136,1799518,1801244,1799518,1802504,1799518,1794954,1799518,1795988,1799518,1789650,1799518,1797958,1799518,1813814,1799518,1806634,1799518,1813550,1799518,1788076,1799518,1804730,1799518,1791950,1799518,1810916,1799518,1810696,1799518,1800360,1799518,1811558,1799518,1807326,1799518,51322,50824,51324,50824,50848,50850,51094,50850,51096,50850,51098,50850,51100,50850,51102,50850,51104,50850,51106,50850,1791926,1793518,51122,50850,51124,50850,51134,50850,51136,50850,51146,50850,51148,50850,51126,50850,51128,50850,51138,50850,51140,50850,51142,50850,51144,50850,51130,50850,51132,50850,-620040,1793518,-620048,1793518,-620056,1793518,-620064,1793518,-620072,1793518,-620080,1793518,-620088,1793518,1800594,1793518,1808198,1793518,1793978,1793518,1792248,1793518,1804360,1793518,1790796,1793518,1807538,1793518,1790080,1793518,1802688,1793518,1811202,1793518,1791622,1793518,1801256,1793518,1806070,1793518,1794788,1793518,1800306,1793518,1791084,1793518,1795190,1793518,1809542,1793518,1791400,1793518,1810400,1793518,1807350,1793518,1787416,1793518,1810872,1793518,1802582,1793518,-607128,1793518,-607136,1793518,-607144,1793518,-607152,1793518,-607160,1793518,-607168,1793518,-607176,1793518,1802526,1793518,1811776,1793518,1813352,1793518,1802554,1793518,1811542,1793518,1804342,1793518,1794502,1793518,1808772,1793518,1787726,1793518,1802452,1793518,1807076,1793518,1794482,1793518,1804508,1793518,1809908,1793518,1788094,1793518,1797856,1793518,1793814,1793518,1806906,1793518,1798370,1793518,1788670,1793518,1802156,1793518,1801164,1793518,1809018,1793518,-613120,1793518,-613128,1793518,-613136,1793518,-613144,1793518,-613152,1793518,-613160,1793518,-613168,1793518,1796518,1793518,1802530,1793518,1796434,1793518,1807274,1793518,1806782,1793518,1805714,1793518,1788106,1793518,1795688,1793518,1803182,1793518,1806466,1793518,1792200,1793518,1795370,1793518,1801006,1793518,1811816,1793518,1787756,1793518,1812948,1793518,1804660,1793518,1796280,1793518,1802724,1793518,1811730,1793518,1814318,1793518,1793566,1793518,1789826,1799518,50846,50844,51316,50844,51318,50844,-607722,1799518,-607724,1799518,-607732,1799518,-607718,1799518,-607736,1799518,-607740,1799518,-607744,1799518,-607748,1799518,1811576,1799518,50856,50858,51054,50858,51056,50858,51028,50858,51022,50858,51058,50858,51060,50858,51030,50858,51032,50858,51042,50858,51044,50858,51040,50858,51038,50858,51050,50858,51052,50858,51048,50858,51046,50858,51036,50858,51016,50858,51014,50858,1814442,1799518,51024,50858,-608656,1799518,-608660,1799518,-608652,1799518,-608648,1799518,-608668,1799518,-608672,1799518,-608664,1799518,-608676,1799518,-608692,1799518,-608696,1799518,-608688,1799518,-608684,1799518,-608708,1799518,-608712,1799518,-608704,1799518,-608700,1799518,-608680,1799518,-608644,1799518,-608638,1799518,1797786,1799518,1812254,1799518,1790348,1799518,1805362,1799518,1794634,1799518,1807874,1799518,1791508,1799518,1802680,1799518,1810962,1799518,1797292,1799518,-618868,1799518,-618872,1799518,-618864,1799518,-618860,1799518,-618880,1799518,-618884,1799518,-618876,1799518,-618888,1799518,-618904,1799518,-618908,1799518,-618900,1799518,-618896,1799518,-618920,1799518,-618924,1799518,-618916,1799518,-618912,1799518,-618892,1799518,-618856,1799518,-618850,1799518,1810714,1799518,1799868,1799518,1806670,1799518,1791538,1799518,1789174,1799518,1794962,1799518,1795412,1799518,1796182,1799518,50910,50912,51166,50912,51168,50912,50822,50820,51312,50820,50906,50820,1787334,1799518,50882,50890,51172,50890,51174,50890,51176,50890,51178,50890,51180,50890,51182,50890,51184,50890,50884,50890,50886,50890,50892,50890,51186,50890,51188,50890,51190,50890,51192,50890,51194,50890,1812246,-606096,51222,50890,51224,50890,51242,50890,51244,50890,51226,50890,51228,50890,51238,50890,51240,50890,51218,50890,51220,50890,51266,50890,51268,50890,51214,50890,51216,50890,51246,50890,51248,50890,51254,50890,51256,50890,51258,50890,51260,50890,51230,50890,51232,50890,51270,50890,51272,50890,51250,50890,51252,50890,51262,50890,51264,50890,51234,50890,51236,50890,-606100,-606096,-606108,-606096,-606116,-606096,-606124,-606096,-606132,-606096,-606140,-606096,-606148,-606096,-606156,-606096,-606162,-606096,-606168,-606096,-606174,-606096,-606180,-606096,-606186,-606096,-606194,-606096,-606202,-606096]]}],"project-settings":[{"id":-1,"assetBundleId":-2,"data":[[["UnityEngine.EventSystems.EventSystem",-1000],["UnityEngine.UI.ToggleGroup",10],["TMPro.TextMeshPro",-105],["TMPro.TextMeshProUGUI",-100],["TMPro.TextContainer",-110]],[[0,"Default",0]],[[0,"Default"],[1,"TransparentFX"],[2,"Ignore Raycast"],[4,"Water"],[5,"UI"]],[0.0199999995529652,0.333333343267441,1,0.0299999993294477],[0,-9.8100004196167,0,6,2,0,1,[[0,0,0],[0,0,1],[0,0,2],[0,0,4],[0,0,5],[0,1,0],[0,1,1],[0,1,2],[0,1,4],[0,1,5],[0,2,0],[0,2,1],[0,2,2],[0,2,4],[0,2,5],[0,4,0],[0,4,1],[0,4,2],[0,4,4],[0,4,5],[0,5,0],[0,5,1],[0,5,2],[0,5,4],[0,5,5]]],[null,null,0,-9.8100004196167,3,8,1,0.200000002980232,8,100,360,0.200000002980232,0.75,0.5,0.00999999977648258,2,0.00999999977648258,1,1,1,1,1,0,[[0,0,0],[0,0,1],[0,0,2],[0,0,4],[0,0,5],[0,1,0],[0,1,1],[0,1,2],[0,1,4],[0,1,5],[0,2,0],[0,2,1],[0,2,2],[0,2,4],[0,2,5],[0,4,0],[0,4,1],[0,4,2],[0,4,4],[0,4,5],[0,5,0],[0,5,1],[0,5,2],[0,5,4],[0,5,5]]],[[[[],["Very Low","Low","Medium","High","Very High","Ultra"],0,0,0,0.300000011920929,1,15,0,1,0,0,0,1,1,1,2,4,0,0,0.333333343267441,0.0666666701436043,0.200000002980232,0.466666668653488,0,0,16,2,0,3,512,0,1,2,512,1,1024,0],[[],["Very Low","Low","Medium","High","Very High","Ultra"],0,0,0,0.400000005960464,1,20,0,1,0,0,0,1,1,0,2,16,0,0,0.333333343267441,0.0666666701436043,0.200000002980232,0.466666668653488,0,0,16,2,0,3,512,0,1,2,512,1,1024,1],[[],["Very Low","Low","Medium","High","Very High","Ultra"],1,1,0,0.699999988079071,1,20,0,1,0,0,0,1,1,0,2,64,1,0,0.333333343267441,0.0666666701436043,0.200000002980232,0.466666668653488,0,1,16,2,0,3,512,0,1,2,512,1,1024,2],[[],["Very Low","Low","Medium","High","Very High","Ultra"],2,1,0,1,2,40,1,1,1,0,1,1,1,0,2,256,2,1,0.333333343267441,0.0666666701436043,0.200000002980232,0.466666668653488,0,1,16,2,1,3,512,0,1,2,512,1,1024,3],[[],["Very Low","Low","Medium","High","Very High","Ultra"],2,2,2,1.5,2,70,1,1,2,1,1,1,1,0,2,1024,3,1,0.333333343267441,0.0666666701436043,0.200000002980232,0.466666668653488,0,1,16,2,1,3,512,0,1,2,512,1,1024,4],[[],["Very Low","Low","Medium","High","Very High","Ultra"],2,2,2,2,4,150,1,1,2,1,1,1,1,0,2,4096,4,1,0.333333343267441,0.0666666701436043,0.200000002980232,0.466666668653488,0,1,16,2,1,3,512,0,1,2,512,1,1024,5]],["Very Low","Low","Medium","High","Very High","Ultra"],2,2,2,2,4,150,1,1,2,1,1,1,1,0,2,4096,4,1,0.333333343267441,0.0666666701436043,0.200000002980232,0.466666668653488,0,1,16,2,1,3,512,0,1,2,512,1,1024,5],0,0,0,2,1,["Untagged","Respawn","Finish","EditorOnly","MainCamera","Player","GameController"]]}]}